tonnes,euros,commune
0.756,652.3322088353414,Aignes
0.5,580.8835341365462,Albiac
2.4,4066.184738955823,Albiac
1.0255,1787.0881927710846,Albiac
2.0,5227.951807228916,Albiac
4.0,6970.6024096385545,Albiac
1.5,2178.3132530120483,Albiac
2.5,2091.1807228915663,Montclar-Lauragais
6.3799,6950.5038393574305,Montclar-Lauragais
0.4,464.7068273092369,Montclar-Lauragais
0.7,580.8835341365462,Montclar-Lauragais
0.9871000000000001,1146.7802730923695,Montclar-Lauragais
0.25670000000000004,186.37648192771084,Montclar-Lauragais
0.3587,416.7258473895583,Montclar-Lauragais
0.205,238.16224899598393,Montclar-Lauragais
0.1,87.13253012048193,Montclar-Lauragais
0.3,348.5301204819277,Montesquieu-Lauragais
3.3,3049.6385542168673,Montesquieu-Lauragais
5.0,4356.626506024097,Montesquieu-Lauragais
2.455,2335.1518072289155,Montesquieu-Lauragais
8.0856,6138.457702811245,Montesquieu-Lauragais
10.4625,12888.99238554217,Montesquieu-Lauragais
7.762600000000001,5076.515469879518,Montesquieu-Lauragais
1.566,1161.7089799196788,Montesquieu-Lauragais
4.938000000000001,3164.421140562249,Montesquieu-Lauragais
27.056099999999997,26224.88751807229,Montesquieu-Lauragais
15.7,19691.951807228914,Montesquieu-Lauragais
7.0,7115.823293172691,Montesquieu-Lauragais
12.5734,11795.421044176708,Montesquieu-Lauragais
11.3129,12128.441574297189,Montesquieu-Lauragais
44.5,36798.9718875502,Montesquieu-Lauragais
8.0,9148.915662650603,Montesquieu-Lauragais
0.6188,552.4202409638555,Montesquieu-Lauragais
2.2600000000000002,2269.9185863453813,Montesquieu-Lauragais
26.262999999999998,21594.345381526105,Montesquieu-Lauragais
1.6458,1911.949108433735,Montesquieu-Lauragais
1.5,2178.3132530120483,Montesquieu-Lauragais
4.2012,2970.0284658634537,Montesquieu-Lauragais
2.7465,1873.552706827309,Montesquieu-Lauragais
0.4021,398.3408835341366,Montesquieu-Lauragais
7.9,6382.457831325301,Montesquieu-Lauragais
3.04,2395.273253012048,Montesquieu-Lauragais
2.3737,2275.088449799197,Montesquieu-Lauragais
0.16319999999999998,177.11138955823293,Montgaillard-Lauragais
2.0,2033.0923694779115,Montgaillard-Lauragais
2.0,1739.7461847389561,Montgaillard-Lauragais
9.7576,9630.961863453816,Montgaillard-Lauragais
9.3754,10892.03097188755,Montgaillard-Lauragais
3.0,2613.975903614458,Montgaillard-Lauragais
0.16319999999999998,177.11138955823293,Montgaillard-Lauragais
1.0195,1687.6990200803216,Montgaillard-Lauragais
2.5,2178.3132530120483,Montgaillard-Lauragais
0.5,871.3253012048193,Montgaillard-Lauragais
9.0,10455.903614457831,Montgaillard-Lauragais
2.6862,2106.4870040160645,Montgaillard-Lauragais
1.0,1781.0760481927712,Montgaillard-Lauragais
0.1,174.26506024096386,Montgaillard-Lauragais
4.4,7275.566265060242,Montgaillard-Lauragais
0.1575,283.3259437751004,Montgaillard-Lauragais
1.9,2788.240963855422,Montgaillard-Lauragais
20.0,18733.493975903613,Montgaillard-Lauragais
18.0,15161.060240963856,Montgaillard-Lauragais
6.0304,5254.440096385542,Montgaillard-Lauragais
4.2,7377.220883534137,Montgaillard-Lauragais
1.5,1742.6506024096386,Montgaillard-Lauragais
6.0,6099.277108433735,Montgaillard-Lauragais
4.225,6966.5071807228915,Montgaillard-Lauragais
0.7589,807.4862008032128,Montgaillard-Lauragais
0.8116,701.0683373493976,Montgaillard-Lauragais
6.9,7725.751004016065,Montgaillard-Lauragais
18.5,15451.50200803213,Montgaillard-Lauragais
0.10940000000000001,127.0973172690763,Montgaillard-Lauragais
36.6,63577.70281124498,Montgaillard-Lauragais
0.6698999999999999,661.4230361445783,Montgaillard-Lauragais
93.3289,100610.62245783133,Montgaillard-Lauragais
0.01,17.426506024096387,Montgaillard-Lauragais
0.1,348.5301204819277,Montgaillard-Lauragais
0.3,156.83855421686746,Montgaillard-Lauragais
2.5,2904.417670682731,Montgaillard-Lauragais
1.9,2985.741365461847,Montgaillard-Lauragais
0.4,726.1044176706828,Montgaillard-Lauragais
2.4522,2475.870843373494,Montgaillard-Lauragais
0.7,493.7510040160643,Montgaillard-Lauragais
7.287999999999999,16444.612369477913,Montgaillard-Lauragais
3.812,3536.128514056225,Montgaillard-Lauragais
1.1,1045.5903614457832,Montgaillard-Lauragais
14.2,16497.092369477912,Montgaillard-Lauragais
2.9,2323.534136546185,Montgaillard-Lauragais
13.5,12102.127550200803,Montgaillard-Lauragais
1.4726000000000001,1319.5350361445783,Montgaillard-Lauragais
4.3,6725.992353413654,Montgaillard-Lauragais
24.6,18598.206200803215,Montgaillard-Lauragais
1.0,1016.5461847389557,Montgaillard-Lauragais
0.4633,439.43839357429727,Montgaillard-Lauragais
1.0,1452.2088353413656,Montgaillard-Lauragais
1.0,871.3253012048193,Montgaillard-Lauragais
1.25,1219.8554216867471,Montgaillard-Lauragais
0.5871000000000001,435.66265060240966,Montgaillard-Lauragais
0.417,363.63309236947794,Montgaillard-Lauragais
1.8,1411.605076305221,Montgaillard-Lauragais
5.7,4501.847389558233,Montgaillard-Lauragais
10.0,8713.253012048193,Montgaillard-Lauragais
11.6525,8359.465895582329,Montgaillard-Lauragais
3.4929,2884.2900562248997,Montgaillard-Lauragais
6.3811,6045.661558232931,Montgaillard-Lauragais
0.6,755.1485943775101,Montgaillard-Lauragais
0.8099999999999999,1739.7461847389561,Montgaillard-Lauragais
4.5,3920.9638554216863,Montgaillard-Lauragais
4.225,6966.5071807228915,Montgaillard-Lauragais
0.625,580.8835341365462,Montgaillard-Lauragais
5.5,5576.481927710844,Montgaillard-Lauragais
10.5,10397.815261044176,Montgaillard-Lauragais
23.4,24614.939759036144,Montgaillard-Lauragais
0.7348,641.5858634538153,Montgaillard-Lauragais
25.0758,23050.533269076306,Montgaillard-Lauragais
9.9,12808.481927710844,Montgaillard-Lauragais
25.0,23525.78313253012,Montgaillard-Lauragais
2.0,1742.6506024096386,Montgaillard-Lauragais
8.5,7406.265060240963,Montgaillard-Lauragais
0.5,726.1044176706828,Montgaillard-Lauragais
0.3851,252.74242570281126,Montgaillard-Lauragais
3.7299999999999995,5954.549975903616,Montgaillard-Lauragais
15.093700000000002,16642.051855421687,Montgaillard-Lauragais
0.34249999999999997,243.9710843373494,Montgaillard-Lauragais
14.9,13069.87951807229,Montgaillard-Lauragais
1.0,871.3253012048193,Montgaillard-Lauragais
1.0,1781.0760481927712,Montgaillard-Lauragais
0.5,580.8835341365462,Montgaillard-Lauragais
2.5,2178.3132530120483,Montgaillard-Lauragais
32.4985,30600.683180722892,Montgaillard-Lauragais
1.0,1781.0760481927712,Montgaillard-Lauragais
0.5,551.8393574297189,Montgaillard-Lauragais
0.1,203.30923694779116,Montgaillard-Lauragais
0.6,1858.8273092369477,Montgaillard-Lauragais
0.8,726.1044176706828,Montgaillard-Lauragais
0.06,52.27951807228916,Montgaillard-Lauragais
0.3,609.9277108433736,Montgaillard-Lauragais
3.6,7319.132530120482,Montgaillard-Lauragais
0.5,871.3253012048193,Montgaillard-Lauragais
15.1,17426.506024096387,Montgaillard-Lauragais
2.1399999999999997,3233.2267951807225,Montgaillard-Lauragais
1.0,871.3253012048193,Montgaillard-Lauragais
2.6346,2054.991678714859,Montgaillard-Lauragais
1.6,4771.6947791164657,Montgaillard-Lauragais
1.0,958.4578313253012,Montgaillard-Lauragais
0.33599999999999997,247.02072289156627,Montgaillard-Lauragais
3.9,14719.240224899599,Montgaillard-Lauragais
37.4,26749.68674698795,Montgaillard-Lauragais
0.06,52.27951807228916,Montgaillard-Lauragais
0.001,0.2904417670682731,Montgaillard-Lauragais
4.46,3787.767261044176,Montgaillard-Lauragais
0.034,30.43829718875502,Montgaillard-Lauragais
0.2516,315.0712289156627,Montgaillard-Lauragais
2.1,2155.658795180723,Montgaillard-Lauragais
31.880000000000003,31984.89959839357,Montgaillard-Lauragais
18.6261,20057.79225702811,Montgaillard-Lauragais
0.63,575.0456546184739,Montgaillard-Lauragais
0.572,484.80539759036145,Montgaillard-Lauragais
20.7,16816.578313253012,Montgaillard-Lauragais
0.7,493.7510040160643,Montgaillard-Lauragais
0.05,196.04819277108433,Montgaillard-Lauragais
0.6,421.14056224899593,Montgaillard-Lauragais
1.0,1161.7670682730925,Montgaillard-Lauragais
0.5421,1417.123469879518,Montgaillard-Lauragais
1.008,1004.6961606425702,Montgaillard-Lauragais
18.0,15161.060240963856,Montgaillard-Lauragais
3.5,2715.6305220883537,Montgaillard-Lauragais
15.093700000000002,16642.051855421687,Montgaillard-Lauragais
0.5811,526.1062168674699,Montgaillard-Lauragais
0.6563,815.1248192771084,Montgaillard-Lauragais
1.7585000000000002,1966.581204819277,Montgaillard-Lauragais
0.11100000000000002,112.83662650602412,Montgaillard-Lauragais
7.5657,16018.96713253012,Montgaillard-Lauragais
7.6,10484.947791164659,Montgaillard-Lauragais
4.225,6966.5071807228915,Montgaillard-Lauragais
2.3286000000000002,3528.5770281124496,Montgaillard-Lauragais
9.708,8508.055903614457,Montgaillard-Lauragais
2.27,3285.5063132530113,Montgaillard-Lauragais
7.3,13869.204305220885,Montgaillard-Lauragais
5.7,11733.847389558232,Montgaillard-Lauragais
2.69,2197.191967871486,Montgaillard-Lauragais
5.3,6302.586345381526,Montgaillard-Lauragais
2.3,4156.221686746989,Montgaillard-Lauragais
1.6,1336.0321285140562,Montgaillard-Lauragais
1.6,1365.0763052208836,Montgaillard-Lauragais
1.35,1003.2729959839359,Montgaillard-Lauragais
3.0,2613.975903614458,Montgaillard-Lauragais
0.1,87.13253012048193,Mascarville
7.162000000000001,6251.729991967872,Aurin
10.0,7841.927710843373,Aurin
5.1812,4239.14281124498,Aurin
9.609,9459.688353413654,Aurin
5.0,4356.626506024097,Aurin
1.3038,1136.0339277108435,Aurin
4.0,8066.184738955823,Aurin
6.7,6026.318136546184,Aurin
2.6015,3391.517558232931,Aurin
0.386,394.2166104417671,Aurin
9.984,12407.962730923697,Aurin
40.0,29915.50200803213,Aurin
8.8,7958.104417670683,Aurin
7.882299999999999,6821.518650602409,Aurin
14.2,10455.903614457831,Aurin
29.1827,26718.20285943775,Aurin
2.5,1713.6064257028113,Aurin
8.9,4966.55421686747,Aurin
5.0,50808.835341365462,Montgaillard-Lauragais
5.0,5082.730923694779,Saint-Vince
4.5485,4196.651180722892,Saint-Vince
8.6913,8538.494200803212,Saint-Vince
0.2,75.514859437751,Saint-Vince
13.970400000000001,12044.76530120482,Saint-Vince
14.641499999999999,12408.805012048193,Saint-Vince
1.7449999999999999,912.8584738955824,Saint-Vince
10.209999999999999,8647.090377510041,Saint-Vince
2.434,4025.1743614457832,Saint-Vince
0.43,377.57429718875505,Saint-Vince
6.2700000000000005,5463.209638554216,Saint-Vince
1.65,3601.477911646586,Saint-Vince
1.205,1049.9760321285141,Saint-Vince
0.5,435.66265060240966,Saint-Vince
0.22999999999999998,201.85702811244977,Beauteville
9.8,8597.076305220884,Bourg-Saint-Bernard
5.7,11733.847389558232,Montgaillard-Lauragais
4.163600000000001,3755.9348433734935,Montesquieu-Lauragais
15.16,13589.7702811245,Le Cabanial
29.630000000000003,57578.91855421687,Montgaillard-Lauragais
2.397,2105.0347951807225,Mascarville
7.645300000000001,13276.761188755021,Caragoude
6.0,8132.369477911646,Bourg-Saint-Bernard
2.7,3993.574297188755,Montgaillard-Lauragais
24.055500000000002,12591.086265060241,Montesquieu-Lauragais
2.5628,2233.032481927711,Caraman
1.0,1016.5461847389557,Cessales
1.8,2904.417670682731,Cessales
2.0,871.3253012048193,Cessales
0.7,1016.5461847389557,Caraman
1.0,3452.2088353413656,Cessales
3.2491,2864.336706827309,Cessales
0.2,182.97831325301203,Cessales
0.65,958.4578313253012,Cessales
0.15,130.6987951807229,Cessales
2.0,406.6184738955823,Cessales
0.02,20.330923694779116,Cessales
0.8,722.0672771084338,Cessales
0.302,179.2025702811245,Cessales
3.0,2904.417670682731,Cessales
0.6,1161.7670682730925,Cessales
1.2,1081.8084497991968,Cessales
0.302,179.2025702811245,Cessales
1.2,2788.240963855422,Cessales
2.6,3398.1686746987953,Cessales
1.0,1452.2088353413656,Cessales
1.452,2108.6072289156627,Cessales
0.01,8.713253012048193,Cessales
0.1,145.22088353413656,Cessales
1.9586999999999999,4824.237751004016,Cessales
1.7,1754.5877590361447,Cessales
0.16499999999999998,105.37227309236948,Cessales
0.95,965.7188755020081,Cessales
24.0,20911.807228915663,Cessales
0.3,290.4417670682731,Cessales
16.0,15974.29718875502,Mascarville
1.008,1004.6961606425702,Montgaillard-Lauragais
7.7902000000000005,7698.97227309237,Caraman
2.62,2323.534136546185,Caraman
10.9443,9984.080963855422,Caraman
0.4,348.5301204819277,Caraman
0.11000000000000001,49.375100401606424,Caraman
11.6663,8523.216963855422,Caraman
1.0,726.1044176706828,Caraman
10.0,8132.369477911646,Caraman
1.2,929.4136546184739,Caraman
4.0,4066.184738955823,Saint-Vince
0.4,348.5301204819277,Caraman
3.4802999999999997,5998.9654618473899,Saint-Vince
1.0255,1787.0881927710846,Caraman
1.45,842.2811244979919,Caraman
1.9,1655.5180722891569,Caraman
0.75,435.66265060240966,Caraman
0.3,261.3975903614458,Caraman
0.2,116.17670682730923,Caraman
6.0341000000000005,5697.828497991968,Caraman
0.421,384.8934297188755,Caraman
0.4,348.5301204819277,Caraman
0.7,580.8835341365462,Caraman
0.3,261.3975903614458,Caraman
5.0678,4640.417156626506,Caraman
5.2,4327.582329317269,Caraman
0.2,174.26506024096386,Caraman
0.5,464.7068273092369,Caraman
0.2,174.26506024096386,Caraman
7.2,6691.778313253012,Caraman
16.7766,15134.484819277108,Caraman
61.0662,121891.84565461849,Le Cabanial
0.7,609.9277108433736,Caraman
0.20600000000000002,141.79367068273092,Caraman
9.3,7261.044176706828,Caraman
0.7,1016.5461847389557,Caraman
2.0,2178.3132530120483,Caraman
2.2,1161.7670682730925,Caraman
1.5,1306.987951807229,Caraman
0.8,464.7068273092369,Caraman
2.0,1916.9156626506024,Caraman
1.2,871.3253012048193,Caraman
1.0,871.3253012048193,Caraman
0.2,31.94859437751004,Caraman
0.2,174.26506024096386,Caraman
1.5,1306.987951807229,Caraman
0.2,116.17670682730923,Caraman
0.7,609.9277108433736,Caraman
8.499500000000001,37069.96253815261,Caraman
1.59,1336.3225702811246,Caraman
5.0,4356.626506024097,Caraman
1.5125,992.2942971887549,Caraman
1.001,290.73220883534134,Caraman
2.0,1742.6506024096386,Caraman
2.0,1742.6506024096386,Caraman
1.4986000000000002,1225.402859437751,Caraman
0.8,697.0602409638554,Caraman
0.5,435.66265060240966,Caraman
1.28,1074.6345381526105,Caraman
0.9,493.7510040160643,Caraman
0.4,697.0602409638554,Caraman
0.4,726.1044176706828,Caraman
0.7,406.6184738955823,Caraman
2.5,2033.0923694779115,Caraman
0.05,29.044176706827308,Caraman
4.0,3485.3012048192772,Caraman
1.47,1353.4586345381526,Caraman
0.27749999999999997,244.9295421686747,Caraman
0.45,326.7469879518072,Caraman
2.0,2178.3132530120483,Caraman
0.2,159.7429718875502,Caraman
0.146,53.7026827309237,Caraman
0.04,34.853012048192774,Caraman
0.8,697.0602409638554,Caraman
1.0,871.3253012048193,Caraman
8.9,7133.13362248996,Caraman
0.146,53.7026827309237,Caraman
2.0,2033.0923694779115,Caraman
0.1,72.61044176706828,Caraman
0.48769999999999997,2467.4369799196787,Caraman
8.1,6696.134939759037,Mascarville
0.19090000000000001,166.30695582329318,Mascarville
11.6189,10161.715148594378,Montesquieu-Lauragais
1.0,871.3253012048193,Caraman
0.177,143.93132208835343,Caraman
1.5,1089.1566265060242,Caraman
0.7221,627.4413493975904,Caraman
12.0,13941.204819277109,Caraman
5.0348,3950.0080321285145,Caraman
0.1268,55.67768674698796,Caraman
0.31779999999999997,182.9492690763052,Caraman
6.5,13215.100401606425,Caraman
0.4,348.5301204819277,Caraman
0.1032,72.61044176706828,Caraman
0.5747,373.3919357429719,Montgaillard-Lauragais
8.0,36970.6024096385545,Caraman
2.025,13485.3012048192772,Caraman
0.1147,117.51273895582331,Saint-Vince
1.0,871.3253012048193,Le Flageolet
0.10800000000000001,69.43010441767068,Le Cabanial
1.0,904.0,Cessales
0.425,1234.3775100401606,Caragoude
0.7384999999999999,686.371983935743,Caragoude
5.0,5808.835341365462,Caragoude
0.4,464.7068273092369,Caragoude
1.2,3398.1686746987953,Caragoude
13.068000000000001,13682.101718875501,Caragoude
15.0,34853.01204819277,Mascarville
1.4,4066.184738955823,Cessales
6.5,8713.253012048193,Caragoude
0.15,133.60321285140563,Caraman
1.7815999999999999,1850.2883212851407,Montgaillard-Lauragais
4.2,7163.688096385542,Caragoude
5.6,5692.658634538153,Caragoude
1.4554,1129.6151646586345,Montesquieu-Lauragais
34.7,30234.98795180723,Le Cabanial
13.3,51301.524819277107,Caragoude
1.7,1699.0843373493976,Caragoude
0.3851,252.74242570281126,Montgaillard-Lauragais
0.7,609.9277108433736,Montgaillard-Lauragais
1.0502,984.2200160642572,Montgaillard-Lauragais
0.02,29.044176706827308,Mascarville
1.5,1452.2088353413656,Saint-Vince
2.2325,2023.7401445783132,Mascarville
0.6,1045.5903614457832,Montgaillard-Lauragais
0.8,1426.6499598393573,Albiac
14.2,10455.903614457831,Caragoude
1.0,871.3253012048193,Montgaillard-Lauragais
0.48,369.44192771084334,Aignes
0.9,893.1084337349397,Mascarville
5.3,6302.586345381526,Montgaillard-Lauragais
0.3,348.5301204819277,Préserville
0.15,130.6987951807229,Préserville
0.6,542.5161767068273,Aignes
0.2,182.97831325301203,Cessales
0.1203,346.119453815261,Montgaillard-Lauragais
2.282,2009.334232931727,Mascarville
19.4965,16342.838746987953,Le Cabanial
5.7295,4288.750265060241,Aurin
0.33599999999999997,247.02072289156627,Montgaillard-Lauragais
0.9,1829.7831325301206,Albiac
1.0,1161.7670682730925,Cessales
5.0,4356.626506024097,Montesquieu-Lauragais
11.02,10601.124497991968,Mascarville
1.6460000000000001,1746.0197269076302,Mascarville
0.7956000000000001,739.4647389558233,Aignes
7.0,7841.927710843373,Caraman
2.1384,1132.258184738956,Montgaillard-Lauragais
1.2016,1154.8545542168674,Le Cabanial
1.5,1452.2088353413656,Saint-Vince
0.3,348.5301204819277,Cessales
0.6,1858.8273092369477,Montgaillard-Lauragais
0.4,697.0602409638554,Caraman
36.050799999999995,18179.70865863454,Montgaillard-Lauragais
16.0,13941.204819277109,Cessales
3.25,3775.74297188755,Le Cabanial
7.0466,10529.675823293172,Montgaillard-Lauragais
1.7125,1068.3900401606427,Aignes
22.5,16478.213654618474,Aurin
0.7,406.6184738955823,Trébons-sur-Demay
0.34249999999999997,243.9710843373494,Montgaillard-Lauragais
0.4363,283.15167871485943,Mascarville
0.1,110.36787148594378,Le Cabanial
1.59,1336.3225702811246,Caraman
0.1,174.26506024096386,Montgaillard-Lauragais
0.3,348.5301204819277,Cessales
3.073,2670.612048192771,Le Cabanial
0.3944,618.4666987951807,Aignes
6.5,8713.253012048193,Aurin
3.0,10455.903614457831,Cessales
0.2028,183.82059437751005,Montesquieu-Lauragais
4.0,4356.626506024097,Aignes
1.9586999999999999,4824.237751004016,Cessales
0.16,139.4120481927711,Mascarville
3.3430999999999997,5376.599903614458,Cessales
5.0,2904.417670682731,Aignes
0.4,348.5301204819277,Bourg-Saint-Bernard
2.0,1248.8995983935743,Montgaillard-Lauragais
1.48,1306.987951807229,Le Cabanial
3.0,2904.417670682731,Mascarville
1.8,1597.429718875502,Aignes
3.0,4356.626506024097,Aignes
0.4,464.7068273092369,Aurin
0.9945999999999999,866.6201445783132,Montesquieu-Lauragais
10.01,8721.966265060242,Montgaillard-Lauragais
6.7659,5492.805654618473,Le Cabanial
12.084,11087.817767068273,Montesquieu-Lauragais
0.1,203.30923694779116,Montgaillard-Lauragais
1.59,1336.3225702811246,Trébons-sur-Demay
0.5,319.1955020080321,Montgaillard-Lauragais
0.3,232.35341365461846,Caraman
11.02,10601.124497991968,Saint-Vince
5.0,5663.614457831325,Bourg-Saint-Bernard
2.1,1934.3421686746988,Bourg-Saint-Bernard
3.9810000000000003,3572.7822650602407,Bourg-Saint-Bernard
2.02,33264.56546184739,Bourg-Saint-Bernard
1.5116,1404.8958714859436,Le Cabanial
0.8400000000000001,709.404016064257,Bourg-Saint-Bernard
1.205,1049.9760321285141,Bourg-Saint-Bernard
4.5753,3986.6327389558237,Bourg-Saint-Bernard
9.0,10325.204819277107,Bourg-Saint-Bernard
1.2,1045.5903614457832,Bourg-Saint-Bernard
2.2,2108.6072289156627,Bourg-Saint-Bernard
5.8663,4482.155437751004,Bourg-Saint-Bernard
5.0591,4501.731212851405,Bourg-Saint-Bernard
2.5,2178.3132530120483,Bourg-Saint-Bernard
5.0039,7925.691116465862,Le Cabanial
10.0,10165.461847389559,Aignes
0.1,203.30923694779116,Montgaillard-Lauragais
3.0,3194.859437751004,Caraman
0.5,435.66265060240966,Aurin
0.6,1045.5903614457832,Montgaillard-Lauragais
9.0,10455.903614457831,Montgaillard-Lauragais
0.45,392.09638554216866,Cessales
4.46,3787.767261044176,Montgaillard-Lauragais
1.5,1742.6506024096386,Le Cabanial
6.8,5925.0120481927715,Le Cabanial
1.5,1306.987951807229,Aignes
0.47000000000000003,379.258859437751,Cessales
0.47000000000000003,379.258859437751,Cessales
8.0,8713.253012048193,Aignes
37.4,26749.68674698795,Montgaillard-Lauragais
3.7299999999999995,5954.549975903616,Montgaillard-Lauragais
0.22999999999999998,201.85702811244977,Caraman
1.6728,1677.7949558232933,Montgaillard-Lauragais
16.9,8422.81124497992,Mascarville
2.5,2904.417670682731,Bourg-Saint-Bernard
0.6,697.0602409638554,Montclar-Lauragais
1.2,1016.5461847389557,Aignes
1.6263999999999998,2125.685204819277,Mascarville
0.6,755.1485943775101,Montgaillard-Lauragais
4.01,2918.939759036144,Caraman
3.073,2670.612048192771,Le Cabanial
1.5773,1250.642248995984,Le Cabanial
1.2843,1199.2340562248996,Le Cabanial
5.4356,3157.45053815261,Le Cabanial
9.0,8713.253012048193,Le Cabanial
15.3,10049.28514056225,Le Cabanial
0.2,174.26506024096386,Le Cabanial
1.05,914.8915662650603,Le Cabanial
10.0,9294.13654618474,Le Cabanial
5.0039,7925.691116465862,Le Cabanial
2.2,1789.1212851405623,Le Cabanial
28.330000000000002,29932.92851405622,Le Cabanial
15.2,12024.289156626506,Le Cabanial
5.3152,3317.512995983936,Le Cabanial
8.0,6970.6024096385545,Le Cabanial
44.5,36798.9718875502,Le Cabanial
27.5,26836.819277108432,Le Cabanial
5.5525,6970.6024096385545,Le Cabanial
0.5,502.46425702811246,Le Cabanial
0.8,1161.7670682730925,Le Cabanial
3.04,2395.273253012048,Le Cabanial
3.17,2228.3854136546183,Le Cabanial
2.2,1789.1212851405623,Le Cabanial
0.2408,201.21805622489958,Le Cabanial
1.3141,1081.7794056224898,Le Cabanial
9.653,8323.276851405622,Le Cabanial
0.8351000000000001,672.8664417670682,Le Cabanial
1.0,871.3253012048193,Bourg-Saint-Bernard
19.4965,16342.838746987953,Le Cabanial
11.674800000000001,11713.400289156625,Le Cabanial
5.561999999999999,5295.915180722891,Le Cabanial
18.0,15102.9718875502,Le Cabanial
16.8,25529.831325301206,Le Cabanial
5.3,3543.3895582329314,Le Cabanial
19.8,13592.674698795181,Le Cabanial
10.4625,12888.99238554217,Le Cabanial
2.0381,1914.446907630522,Le Cabanial
0.497,285.0976385542168,Le Cabanial
23.0121,21057.725172690763,Le Cabanial
4.3605,3485.3012048192772,Le Cabanial
10.0,10746.345381526105,Le Cabanial
6.7659,5492.805654618473,Le Cabanial
46.1479,84361.86653815261,Le Cabanial
41.0,47350.8665060241,Le Cabanial
9.559999999999999,6099.277108433735,Le Cabanial
4.5289,4217.940562248996,Aignes
6.6,11036.787148594378,Le Cabanial
3.8552,2887.6591807228915,Le Cabanial
11.3967,11858.56308433735,Le Cabanial
0.5,502.46425702811246,Le Cabanial
0.75,1394.120481927711,Mascarville
8.436499999999999,7218.029751004016,Le Cabanial
0.58,813.2369477911647,Le Cabanial
7.2,6709.204819277108,Le Cabanial
15.013499999999999,17919.6180562249,Le Cabanial
3.7135,2707.4981526104416,Saint-Vince
15.16,13589.7702811245,Le Cabanial
13.8847,11701.230779116466,Le Cabanial
3.0368,3541.501686746988,Le Cabanial
8.4,7609.574297188755,Le Cabanial
15.0,14522.088353413656,Le Cabanial
4.465,8957.60167068273,Albiac
1.408,1226.8260240963855,Le Cabanial
13.487,10742.337285140562,Le Cabanial
1.5,2178.3132530120483,Caraman
6.5,11036.787148594378,Le Cabanial
0.04,34.853012048192774,Caraman
9.557500000000001,11294.46708433735,Le Cabanial
3.0,15227.951807228916,Le Cabanial
3.457,5587.809156626507,Le Cabanial
7.4597999999999995,11040.998554216869,Le Cabanial
5.0657,9025.100337349399,Le Cabanial
9.0,15974.29718875502,Le Cabanial
3.5,5082.730923694779,Le Cabanial
7.0,12198.55421686747,Le Cabanial
5.3248,8359.698248995983,Le Cabanial
7.0,9584.578313253012,Le Cabanial
0.2,116.17670682730923,Caraman
3.5,2468.755020080321,Le Cabanial
2.1,2091.1807228915663,Le Cabanial
38.6945,33711.72112449799,Le Cabanial
9.5689,8834.890024096387,Le Cabanial
1.216,813.2369477911647,Le Cabanial
5.0,4356.626506024097,Le Cabanial
5.0267,3924.5653333333335,Le Cabanial
19.0435,16510.510779116466,Le Cabanial
16.0,13941.204819277109,Cessales
0.01,43.566265060240966,Aignes
0.15,87.13253012048193,Aignes
4.95,3388.2355662650602,Le Cabanial
1.8354,1568.356497991968,Montgaillard-Lauragais
3.3,2108.6072289156627,Caraman
1.5,1306.987951807229,Aignes
0.1575,283.3259437751004,Montgaillard-Lauragais
5.0,8713.253012048193,Paris-de-Lauragais
8.0,6970.6024096385545,Montesquieu-Lauragais
0.324,283.23881124497996,Montgaillard-Lauragais
1.15,1169.0281124497992,Caraman
17.078200000000002,20983.226859437753,Le Cabanial
40.0,37757.42971887551,Aignes
5.5,5576.481927710844,Montgaillard-Lauragais
0.6332,643.6770441767069,Le Cabanial
2.05,2143.4602409638555,Montgaillard-Lauragais
1.4422000000000001,1211.5487871485943,Mascarville
1.1663999999999999,1124.5614779116465,Mascarville
1.6263999999999998,2125.685204819277,Mascarville
11.9,11007.74297188755,Mascarville
3.946,2385.1077911646585,Mascarville
1.1,848.9031967871485,Mascarville
5.5245,4011.349333333333,Mascarville
13.668600000000001,15988.238393574298,Mascarville
2.5,1742.6506024096386,Mascarville
13.0,9410.313253012047,Mascarville
2.5,1742.6506024096386,Mascarville
0.8,697.0602409638554,Mascarville
2.9899999999999998,2837.616064257028,Mascarville
3.02,2637.704995983936,Mascarville
9.0,6970.6024096385545,Mascarville
1.0,795.8104417670681,Mascarville
9.8,8248.546184738956,Mascarville
0.8,697.0602409638554,Mascarville
0.5,419.0203373493976,Mascarville
3.0,2904.417670682731,Mascarville
5.2,5198.907630522088,Mascarville
0.3,290.4417670682731,Mascarville
10.0,10165.461847389559,Mascarville
3.0,2526.843373493976,Mascarville
1.0104,741.87540562249,Mascarville
2.4076,4729.553734939758,Mascarville
13.668600000000001,15988.238393574298,Mascarville
45.2215,38825.44218473895,Mascarville
1.5,2033.0923694779115,Mascarville
8.0,6738.248995983935,Mascarville
0.2061,150.50692369477912,Mascarville
1.1034000000000002,898.3654297188754,Mascarville
3.9584,3793.22756626506,Mascarville
0.3,261.3975903614458,Mascarville
1.3516,1091.9739116465864,Mascarville
8.0,7841.927710843373,Mascarville
1.0557,712.3665220883535,Mascarville
1.0,871.3253012048193,Mascarville
1.4707000000000001,1374.777060240964,Mascarville
0.8,726.1044176706828,Mascarville
10.327,9816.931726907631,Mascarville
2.0,1452.2088353413656,Mascarville
0.4,348.5301204819277,Mascarville
1.6725,1648.896,Mascarville
0.4,406.6184738955823,Mascarville
0.1863,173.01616064257027,Mascarville
2.0,1045.5903614457832,Mascarville
4.1836,3636.8827630522087,Mascarville
2.41,1925.6289156626506,Mascarville
1.92,5158.24578313253,Mascarville
0.597,539.5536706827309,Mascarville
2.6,2178.3132530120483,Mascarville
1.4448,1995.6544257028113,Mascarville
10.3286,9500.814907630524,Mascarville
42.6,40545.670682730924,Mascarville
9.8,8597.076305220884,Mascarville
22.261699999999998,21509.739694779117,Mascarville
1.0199,863.1929317269075,Mascarville
0.5,522.7951807228916,Mascarville
27.432,24280.147534136544,Mascarville
0.1,87.13253012048193,Mascarville
4.5,3920.9638554216863,Mascarville
5.5779000000000005,4883.400738955823,Mascarville
0.5519999999999999,554.7437751004015,Mascarville
0.189,235.6063614457831,Mascarville
2.282,2009.334232931727,Mascarville
8.0,6534.939759036145,Mascarville
9.0,7841.927710843373,Mascarville
0.0774,53.964080321285145,Mascarville
30.0,26139.75903614458,Mascarville
24.854400000000002,21188.24970281125,Mascarville
16.9,8422.81124497992,Mascarville
1.2,1045.5903614457832,Mascarville
16.31,15538.1698313253,Mascarville
1.4,1306.987951807229,Mascarville
1.5,2033.0923694779115,Mascarville
45.0,38832.06425702812,Mascarville
5.8,5547.437751004016,Mascarville
2.397,2105.0347951807225,Mascarville
3.0,5227.951807228916,Semecurbeville
1.1034000000000002,898.3654297188754,Mascarville
0.4,290.4417670682731,Montgaillard-Lauragais
1.5125,992.2942971887549,Caraman
1.0,2904.417670682731,Aurin
6.5,5692.658634538153,Montgaillard-Lauragais
1.887,1096.7081124497993,Le Cabanial
8.9,7133.13362248996,Caraman
0.6,421.14056224899593,Montgaillard-Lauragais
5.0,4356.626506024097,Préserville
0.8400000000000001,709.404016064257,Bourg-Saint-Bernard
0.4,348.5301204819277,Trébons-sur-Demay
3.0,2178.3132530120483,Caraman
0.7375,564.9673253012048,Saint-Vince
3.25,3775.74297188755,Montesquieu-Lauragais
2.0,3485.3012048192772,Montgaillard-Lauragais
0.10940000000000001,127.0973172690763,Montgaillard-Lauragais
25.0,21783.132530120485,Montgaillard-Lauragais
2.0,1742.6506024096386,Caraman
0.0862,78.09979116465863,Montgaillard-Lauragais
2.5,1829.7831325301206,Le Cabanial
0.2028,183.82059437751005,Le Cabanial
3.3238999999999996,3255.532722891566,Saint-Vince
7.4913,6575.833959839358,Aurin
6.449,7205.773108433734,Montgaillard-Lauragais
11.075,17074.345381526105,Le Cabanial
3.0,2904.417670682731,Saint-Vince
8.0,8713.253012048193,Aignes
2.0,1452.2088353413656,Mascarville
3.0018000000000002,2850.395502008032,Mascarville
0.3944,618.4666987951807,Aignes
5.014,3902.81124497992,Aurin
22.5,16478.213654618474,Aurin
2.5949999999999998,2977.0281124497988,Montgaillard-Lauragais
0.4,232.35341365461846,Aignes
2.4,3194.859437751004,Cessales
1.5,2613.975903614458,Cessales
1.0,1016.5461847389557,Mascarville
5.561999999999999,5295.915180722891,Préserville
1.0,726.1044176706828,Caraman
40.0,34853.01204819277,Montesquieu-Lauragais
6.926699999999999,6657.157654618473,Le Cabanial
2.0,1916.9156626506024,Caraman
3.1,2875.373493975904,Mascarville
0.7,609.9277108433736,Montgaillard-Lauragais
9.7563,6823.958361445783,Le Cabanial
80.0,166470.6827309237,Montgaillard-Lauragais
3.3303,3402.1477269076304,Montesquieu-Lauragais
2.2199999999999998,7812.883534136546,Préserville
1.3,1132.722891566265,Aignes
1.0502,984.2200160642572,Montgaillard-Lauragais
5.5,4792.289156626506,Le Cabanial
9.487300000000001,7729.933365461848,Mascarville
9.5,8451.855421686747,Mascarville
1.9082999999999999,1876.0505060240964,Le Cabanial
4.6,3891.91967871486,Montesquieu-Lauragais
2.3819,2381.70962248996,Le Cabanial
2.3,1568.3855421686746,Montgaillard-Lauragais
2.3312999999999997,2265.35865060241,Montgaillard-Lauragais
0.95,1452.2088353413656,Caraman
15.0,20040.481927710844,Cessales
1.0,1016.5461847389557,Cessales
0.24,241.06666666666666,Caraman
1.0,1016.5461847389557,Montgaillard-Lauragais
0.1,174.26506024096386,Montgaillard-Lauragais
0.2,174.26506024096386,Caraman
9.85,10007.926232931728,Saint-Vince
1.4542,1434.6080642570282,Montesquieu-Lauragais
4.3823,4129.965751004016,Montesquieu-Lauragais
2.2,3194.859437751004,Le Cabanial
0.47000000000000003,379.258859437751,Cessales
3.8,3746.6987951807228,Montgaillard-Lauragais
7.658799999999999,7414.745959839357,Saint-Vince
0.05500000000000001,51.35691983820141,Bourg-Saint-Bernard
2.1,2155.658795180723,Montgaillard-Lauragais
0.8,697.0602409638554,Caraman
1.5,1306.987951807229,Caraman
2.897,2734.567325301205,Montesquieu-Lauragais
0.1515,132.15100401606426,Cessales
1.449,1528.8854618473893,Montesquieu-Lauragais
1.0,1452.2088353413656,Aignes
0.8,784.1927710843373,Saint-Vince
0.9349999999999999,826.5682248995984,Caragoude
2.8114,3891.91967871486,Aignes
4.5119,5139.047582329318,Caraman
3.2737000000000003,3136.7710843373493,Caragoude
6.93,10076.121959839358,Montgaillard-Lauragais
1.59,1504.4883534136547,Caraman
1.5,1306.987951807229,Bourg-Saint-Bernard
0.8,722.0672771084338,Cessales
3.9383000000000004,3777.7760642570274,Montgaillard-Lauragais
0.11100000000000002,112.83662650602412,Montgaillard-Lauragais
0.386,394.2166104417671,Saint-Vince
0.8,697.0602409638554,Caraman
0.6,1161.7670682730925,Cessales
0.3,174.26506024096386,Caraman
1.0,904.0,Cessales
0.1,87.13253012048193,Caraman
5.6852,4458.281124497992,Aurin
0.4,429.85381526104413,Le Cabanial
10.327,9816.931726907631,Saint-Vince
5.9188,3936.0377831325304,Le Cabanial
1.0,726.1044176706828,Montgaillard-Lauragais
6.0,10455.903614457831,Montgaillard-Lauragais
2.2,2323.534136546185,Le Cabanial
0.10800000000000001,89.19466666666668,Caraman
4.5,4066.184738955823,Mascarville
0.05500000000000001,51.35691983820141,Mascarville
7.4,6680.16064257028,Le Cabanial
6.0,8132.369477911646,Aignes
0.8,697.0602409638554,Mascarville
3.0,10455.903614457831,Préserville
0.5,1089.1566265060242,Montgaillard-Lauragais
5.7583,6825.178216867471,Le Cabanial
6.0,5227.951807228916,Montesquieu-Lauragais
7.2700000000000005,12738.775903614458,Trébons-sur-Demay
0.05,46.47068273092369,Aignes
2.508,1618.1382168674697,Caraman
7.9,7261.044176706828,Aurin
0.3,261.3975903614458,Caraman
4.9876,4945.119614457832,Aignes
0.3,435.66265060240966,Montgaillard-Lauragais
3.3917,2916.96475502008,Mascarville
0.324,283.23881124497996,Montgaillard-Lauragais
7.5,7348.176706827309,Le Cabanial
0.15,139.4120481927711,Caraman
3.2603,4163.80221686747,Aurin
0.4363,283.15167871485943,Mascarville
0.8,726.1044176706828,Saint-Vince
0.11000000000000001,191.69156626506026,Montgaillard-Lauragais
2.7,2279.1836787148595,Montgaillard-Lauragais
1.2,2788.240963855422,Cessales
1.5,1306.987951807229,Aignes
0.3,261.3975903614458,Aignes
10.0,8132.369477911646,Caraman
3.3430999999999997,5376.599903614458,Cessales
0.5,1089.1566265060242,Montgaillard-Lauragais
2.0,1742.6506024096386,Montgaillard-Lauragais
5.3046999999999995,5234.77718875502,Aurin
10.2574,8418.077044176705,Aignes
9.0,6534.939759036145,Mascarville
7.0,7261.044176706828,Mascarville
2.0,1742.6506024096386,Montesquieu-Lauragais
1.6728,1677.7949558232933,Montgaillard-Lauragais
1.5125,992.2942971887549,Caraman
4.0,3485.3012048192772,Mascarville
4.0,3485.3012048192772,Montgaillard-Lauragais
2.0664000000000002,2046.5688674698795,Montesquieu-Lauragais
0.2,174.26506024096386,Caraman
0.35,145.22088353413656,Montgaillard-Lauragais
0.1,101.65461847389558,Caraman
3.0,1742.6506024096386,Mascarville
11.6189,10161.715148594378,Le Cabanial
1.0,871.3253012048193,Mascarville
3.0,3775.74297188755,Montgaillard-Lauragais
6.0,5808.835341365462,Mascarville
0.45,392.09638554216866,Cessales
1.7,1016.5461847389557,Le Cabanial
11.02,10601.124497991968,Mascarville
0.25,261.3975903614458,Aignes
10.0,8713.253012048193,Montgaillard-Lauragais
5.2,4937.510040160642,Saint-Vince
0.6,1858.8273092369477,Montgaillard-Lauragais
0.01,29.044176706827308,Aignes
0.616,572.7511646586345,Aignes
2.1092,1771.6947791164657,Aignes
1.4,900.3694779116465,Aignes
1.8,1597.429718875502,Aignes
0.2225,178.62168674698793,Aignes
1.5,1397.5186506024097,Aignes
10.0,10165.461847389559,Aignes
2.5093,2235.6174136546188,Aignes
14.5684,22211.969799196788,Aignes
4.0,4356.626506024097,Aignes
0.15,87.13253012048193,Aignes
0.75,609.9277108433736,Aignes
0.5,464.7068273092369,Aignes
2.0,2033.0923694779115,Aignes
1.7,929.4136546184739,Aignes
0.32999999999999996,278.99836144578313,Aignes
1.5,1306.987951807229,Aignes
4.3,2972.7876626506027,Aignes
0.4,348.5301204819277,Aignes
1.386,1282.5037108433735,Aignes
6.6,4530.89156626506,Aignes
10.0,10165.461847389559,Aignes
2.0,2033.0923694779115,Aignes
5.0,4356.626506024097,Aignes
3.9823999999999997,3176.7358714859442,Aignes
0.4,174.26506024096386,Aignes
2.0671,1853.6574457831327,Aignes
6.6,4530.89156626506,Aignes
10.2574,8418.077044176705,Aignes
1.0,1016.5461847389557,Aignes
1.0,580.8835341365462,Aignes
6.2733,8035.478104417671,Aignes
1.5,1306.987951807229,Aignes
1.0,638.9718875502008,Aignes
0.6,542.5161767068273,Aignes
2.5,1626.4738955823293,Aignes
23.031200000000002,18410.29037751004,Aignes
1.4,900.3694779116465,Aignes
0.3944,618.4666987951807,Aignes
1.5,1161.7670682730925,Aignes
1.5,1397.5186506024097,Aignes
4.0,2933.461847389558,Aignes
8.0,8713.253012048193,Aignes
0.398,310.62746987951806,Aignes
2.0097,4604.228112449799,Aignes
0.016,12.488995983935743,Montgaillard-Lauragais
6.5,6680.16064257028,Montgaillard-Lauragais
20.9775,26591.047453815263,Montesquieu-Lauragais
9.55,7783.83935742972,Aurin
2.5,2541.3654618473897,Mascarville
7.162000000000001,6251.729991967872,Aurin
3.0018000000000002,2850.395502008032,Mascarville
1.7815999999999999,1850.2883212851407,Montgaillard-Lauragais
2.897,2734.567325301205,Le Cabanial
0.9305,735.2533333333333,Caraman
6.3,4792.289156626506,Aurin
0.2,145.22088353413656,Caraman
2.6100000000000003,2360.187887550201,Caragoude
3.6887,3270.8390040160643,Le Cabanial
2.5,2178.3132530120483,Mascarville
7.2,6691.778313253012,Caraman
1.4,4066.184738955823,Cagoumox
14.38,14038.96751807229,Montgaillard-Lauragais
0.2408,201.21805622489958,Le Cabanial
5.0,2904.417670682731,Aignes
13.487,10742.337285140562,Le Cabanial
5.5,5576.481927710844,Montgaillard-Lauragais
1.5,1306.987951807229,Caraman
2.5,2091.1807228915663,Caraman
3.3,2108.6072289156627,Caraman
0.6,522.7951807228916,Montgaillard-Lauragais
0.2,116.17670682730923,Caraman
3.4,3209.3815261044174,Aignes
7.0,6099.277108433735,Aurin
5.6852,4458.281124497992,Aurin
2.4,4066.184738955823,Caraman
0.1,188.78714859437753,Cessales
1.6300000000000001,2518.130120481928,Cessales
2.397,2105.0347951807225,Mascarville
0.1,116.17670682730923,Caraman
2.6100000000000003,2360.187887550201,Caragoude
4.968,6287.657638554217,Le Cabanial
2.508,1618.1382168674697,Caraman
1.3805999999999998,1263.421686746988,Aignes
8.1861,6088.763116465864,Le Cabanial
0.1203,346.119453815261,Montgaillard-Lauragais
0.7,609.9277108433736,Caraman
3.7135,2707.4981526104416,Caragoude
0.8,871.3253012048193,Cessales
1.0,871.3253012048193,Montgaillard-Lauragais
1.2,949.7445783132529,Mascarville
2.0,2033.0923694779115,Montgaillard-Lauragais
2.6346,2054.991678714859,Montgaillard-Lauragais
2.397,2105.0347951807225,Saint-Vince
4.0,3485.3012048192772,Caraman
2.1,2091.1807228915663,Montesquieu-Lauragais
2.1384,1132.258184738956,Montgaillard-Lauragais
0.8,697.0602409638554,Caraman
0.2,174.26506024096386,Mascarville
3.0,4066.184738955823,Le Cabanial
0.5700000000000001,660.6969317269077,Cessales
0.001,0.2904417670682731,Montgaillard-Lauragais
1.3,1887.871485943775,Cessales
2.5,2091.1807228915663,Caraman
2.0,5227.951807228916,Caraman
1.0,1016.5461847389557,Montgaillard-Lauragais
0.6,493.7510040160643,Mascarville
1.6690999999999998,1601.3216385542169,Le Cabanial
5.0,4356.626506024097,Mascarville
0.9,893.1084337349397,Mascarville
0.9609,945.9688353413654,Aurin
2.5,2091.1807228915663,Trébons-sur-Demay
4.5289,4217.940562248996,Aignes
1.02,1365.0763052208836,Cessales
0.01,20.330923694779116,Aurin
1.2,1045.5903614457832,Montgaillard-Lauragais
9.609,9459.688353413654,Saint-Vince
8.0,8132.369477911646,Aignes
2.0,5227.951807228916,Caraman
1.2016,1154.8545542168674,Le Cabanial
